prdtypecode,image_rel
10,image_896568551_product_281718.jpg
10,image_893751577_product_62146941.jpg
10,image_1209372785_product_3374352963.jpg
10,image_1274762387_product_1767416.jpg
10,image_1017914679_product_418464828.jpg
10,image_1283055484_product_2652131923.jpg
10,image_957049311_product_223615634.jpg
10,image_1205066257_product_854574981.jpg
10,image_1306397755_product_4165148198.jpg
10,image_1283572345_product_6364283.jpg
10,image_1199982180_product_3207172269.jpg
10,image_1092476439_product_1155812436.jpg
10,image_1274486984_product_3458198988.jpg
10,image_1295451889_product_830324073.jpg
10,image_1055678158_product_1064141854.jpg
10,image_859609154_product_93575721.jpg
10,image_1098616858_product_1690570411.jpg
10,image_1297605970_product_4131199129.jpg
10,image_1198545678_product_2012858693.jpg
10,image_1305735103_product_211259160.jpg
10,image_1296705238_product_4129173706.jpg
10,image_897163786_product_481220.jpg
10,image_1220057416_product_3468539978.jpg
10,image_1245956839_product_3269605082.jpg
10,image_1151344744_product_2582444983.jpg
10,image_847187918_product_59735146.jpg
10,image_505266530_product_247195374.jpg
10,image_1033554185_product_651353882.jpg
10,image_1274623356_product_265666.jpg
10,image_925653490_product_177271064.jpg
10,image_894486635_product_86044239.jpg
10,image_865078913_product_107165835.jpg
10,image_900595558_product_84232482.jpg
10,image_1060683016_product_179486743.jpg
10,image_1054597280_product_451861911.jpg
10,image_981149525_product_4693593.jpg
10,image_1296240253_product_4128300420.jpg
10,image_874993111_product_120873527.jpg
10,image_1295619309_product_4127353169.jpg
10,image_1298792696_product_4140100781.jpg
10,image_1251289881_product_3839578205.jpg
10,image_893729267_product_481282.jpg
10,image_1300050759_product_4141168939.jpg
10,image_917936062_product_163595816.jpg
10,image_997602835_product_67312551.jpg
10,image_1299560569_product_854500992.jpg
10,image_989889576_product_67759778.jpg
10,image_875808602_product_93267976.jpg
10,image_1263189683_product_434144408.jpg
10,image_1235613196_product_3696250884.jpg
40,image_933243185_product_190098923.jpg
40,image_1010546270_product_447622156.jpg
40,image_848919255_product_79791163.jpg
40,image_1299537140_product_4141674935.jpg
40,image_1010513051_product_447606906.jpg
40,image_933252424_product_190106801.jpg
40,image_833090901_product_63509708.jpg
40,image_949431665_product_72516875.jpg
40,image_972534649_product_265725445.jpg
40,image_818910498_product_62488674.jpg
40,image_1025929284_product_556485691.jpg
40,image_846133334_product_74543708.jpg
40,image_859269474_product_94360552.jpg
40,image_933240025_product_190096940.jpg
40,image_1313518266_product_4199252342.jpg
40,image_1299559262_product_4141733951.jpg
40,image_874728160_product_82614937.jpg
40,image_874731616_product_75514337.jpg
40,image_849097526_product_80395944.jpg
40,image_482917_product_928735.jpg
40,image_1035151979_product_597671338.jpg
40,image_874125275_product_119888004.jpg
40,image_933232312_product_190091462.jpg
40,image_933259880_product_190110872.jpg
40,image_956183347_product_221159492.jpg
40,image_939502760_product_202480009.jpg
40,image_867067414_product_109877898.jpg
40,image_833566131_product_8976906.jpg
40,image_1296361969_product_4130473264.jpg
40,image_671243122_product_1297261.jpg
40,image_933251197_product_190102903.jpg
40,image_1163773102_product_2769055981.jpg
40,image_858102653_product_80939677.jpg
40,image_874539070_product_109182820.jpg
40,image_1013240372_product_298035773.jpg
40,image_874732242_product_95767129.jpg
40,image_1299530260_product_4141662064.jpg
40,image_1119680782_product_2001614512.jpg
40,image_956732078_product_223026658.jpg
40,image_833324795_product_63915072.jpg
40,image_874714971_product_1766378.jpg
40,image_846013245_product_75010826.jpg
40,image_874538824_product_102954438.jpg
40,image_847010612_product_60756221.jpg
40,image_484880618_product_50386903.jpg
40,image_882058000_product_100375692.jpg
40,image_682036954_product_2919300.jpg
40,image_962974795_product_242239222.jpg
40,image_937192617_product_197450910.jpg
40,image_956536125_product_222490419.jpg
50,image_1164646245_product_2429164807.jpg
50,image_972628346_product_153365388.jpg
50,image_1269508037_product_3959811633.jpg
50,image_1171847966_product_2912962648.jpg
50,image_1299293014_product_4141676051.jpg
50,image_1073108558_product_1316299026.jpg
50,image_970953220_product_261002163.jpg
50,image_1317239582_product_4210986821.jpg
50,image_1135925255_product_551356247.jpg
50,image_1269835642_product_3962804146.jpg
50,image_1080786085_product_1451235234.jpg
50,image_1192037400_product_3120538343.jpg
50,image_1193552034_product_3145846883.jpg
50,image_971210734_product_259190172.jpg
50,image_1312399131_product_4194750683.jpg
50,image_1195469127_product_3170637654.jpg
50,image_1193420246_product_3141433620.jpg
50,image_984801342_product_289604853.jpg
50,image_1317245605_product_4210986991.jpg
50,image_1244304462_product_3782142085.jpg
50,image_1251699039_product_3838648328.jpg
50,image_965518068_product_250559218.jpg
50,image_1027855709_product_577066293.jpg
50,image_1117041866_product_1967323837.jpg
50,image_1239950303_product_3742554305.jpg
50,image_1016531472_product_498214667.jpg
50,image_1310879915_product_4184608889.jpg
50,image_1193303953_product_3141247220.jpg
50,image_1004648425_product_284552253.jpg
50,image_1286809876_product_4072158924.jpg
50,image_854662502_product_87524566.jpg
50,image_1254628796_product_3863324129.jpg
50,image_1302894503_product_4156934234.jpg
50,image_1104374843_product_1809041499.jpg
50,image_948102925_product_210765311.jpg
50,image_1095513902_product_1630486145.jpg
50,image_1325228251_product_4240793825.jpg
50,image_465645961_product_6925256.jpg
50,image_1119889936_product_2004246550.jpg
50,image_1300300067_product_4145591290.jpg
50,image_1209768208_product_3371723657.jpg
50,image_850922887_product_82474577.jpg
50,image_1195469407_product_3170638521.jpg
50,image_1189472219_product_3080149890.jpg
50,image_856608809_product_89951561.jpg
50,image_1178454377_product_1760634431.jpg
50,image_1287451144_product_4078708451.jpg
50,image_140473730_product_3214873.jpg
50,image_1255210892_product_3863566708.jpg
50,image_1291294275_product_4101477582.jpg
60,image_1301191147_product_4151080082.jpg
60,image_1316138218_product_4200873143.jpg
60,image_1316131328_product_4200872486.jpg
60,image_1316293606_product_4200882835.jpg
60,image_1209769794_product_3371457689.jpg
60,image_1316189610_product_4200876864.jpg
60,image_1316162901_product_4200875648.jpg
60,image_1316113169_product_4200870779.jpg
60,image_1102674678_product_1805032598.jpg
60,image_1316157228_product_4200875238.jpg
60,image_1316112310_product_4200870629.jpg
60,image_1316138051_product_4200873136.jpg
60,image_1316146282_product_4200873957.jpg
60,image_1316167837_product_4200875847.jpg
60,image_1316248608_product_4200880310.jpg
60,image_1316111108_product_4200870251.jpg
60,image_1316316967_product_4200883945.jpg
60,image_1316288110_product_4200882513.jpg
60,image_1316274769_product_4200881826.jpg
60,image_1316140684_product_4200873276.jpg
60,image_901552603_product_146818212.jpg
60,image_1316183125_product_4200876420.jpg
60,image_1316094656_product_4200868718.jpg
60,image_1148830258_product_2540628567.jpg
60,image_1316204545_product_4200877594.jpg
60,image_1316231515_product_4200879548.jpg
60,image_1316233552_product_4200879706.jpg
60,image_1316192085_product_4200876946.jpg
60,image_1316108775_product_4200870053.jpg
60,image_1316250184_product_4200880341.jpg
60,image_1322862417_product_4229104564.jpg
60,image_1165116146_product_2791482131.jpg
60,image_1316129344_product_4200872287.jpg
60,image_1316181803_product_4200876386.jpg
60,image_1316116661_product_4200871142.jpg
60,image_1316128872_product_4200872272.jpg
60,image_1316289921_product_4200882616.jpg
60,image_1316219756_product_4200878295.jpg
60,image_1316170132_product_4200876001.jpg
60,image_1194446055_product_3159405948.jpg
60,image_1316134340_product_4200872726.jpg
60,image_1316230737_product_4200879491.jpg
60,image_926059140_product_177943989.jpg
60,image_1316111755_product_4200870286.jpg
60,image_1102674914_product_1805032366.jpg
60,image_1316258714_product_4200881169.jpg
60,image_847006278_product_76375368.jpg
60,image_1316291609_product_4200882717.jpg
60,image_1316270152_product_4200881564.jpg
60,image_1316172582_product_4200876172.jpg
1140,image_1213815074_product_3448323033.jpg
1140,image_1152762684_product_2611119469.jpg
1140,image_987634523_product_294477846.jpg
1140,image_1277062049_product_4015662587.jpg
1140,image_1099702435_product_1706097289.jpg
1140,image_1232519331_product_1960319187.jpg
1140,image_1091793863_product_1569484874.jpg
1140,image_862084696_product_101404028.jpg
1140,image_1253373349_product_3853518605.jpg
1140,image_905536153_product_150045865.jpg
1140,image_1241422606_product_3756671353.jpg
1140,image_1114970335_product_1937895825.jpg
1140,image_1188547368_product_3067345726.jpg
1140,image_965512012_product_250544339.jpg
1140,image_1070872120_product_1264819563.jpg
1140,image_987638487_product_294463236.jpg
1140,image_925055050_product_176486712.jpg
1140,image_1131576179_product_2206509418.jpg
1140,image_1098774726_product_1687684432.jpg
1140,image_1291738292_product_4097939057.jpg
1140,image_987340565_product_294177698.jpg
1140,image_1230976443_product_1940513138.jpg
1140,image_350417566_product_48210775.jpg
1140,image_903757562_product_148382058.jpg
1140,image_933157769_product_61744338.jpg
1140,image_1181472355_product_2995655480.jpg
1140,image_1194057413_product_3147288924.jpg
1140,image_869173826_product_113057262.jpg
1140,image_971024321_product_259985926.jpg
1140,image_966187303_product_98695511.jpg
1140,image_1213061980_product_3439675612.jpg
1140,image_1211832182_product_3408287788.jpg
1140,image_942034991_product_207977444.jpg
1140,image_1218825214_product_3519890843.jpg
1140,image_1241418162_product_3756668898.jpg
1140,image_987523367_product_294356515.jpg
1140,image_1013203347_product_464646816.jpg
1140,image_987646930_product_294463305.jpg
1140,image_1243176410_product_3770966868.jpg
1140,image_980599370_product_225637819.jpg
1140,image_548172299_product_53444791.jpg
1140,image_844757330_product_73192145.jpg
1140,image_906608623_product_111414485.jpg
1140,image_1051630188_product_973855069.jpg
1140,image_987596389_product_294374946.jpg
1140,image_643934410_product_55464974.jpg
1140,image_861022401_product_99065593.jpg
1140,image_989968690_product_227313778.jpg
1140,image_835451729_product_69548990.jpg
1140,image_1203546502_product_3275508451.jpg
1160,image_912220146_product_156159672.jpg
1160,image_958654539_product_228237608.jpg
1160,image_1179855012_product_2985672257.jpg
1160,image_1188034802_product_3060686643.jpg
1160,image_878174411_product_114230030.jpg
1160,image_859073293_product_48269735.jpg
1160,image_662293179_product_56049687.jpg
1160,image_1068057996_product_1188155899.jpg
1160,image_1135053940_product_2292543291.jpg
1160,image_507321322_product_49894992.jpg
1160,image_558543372_product_47952398.jpg
1160,image_258248783_product_7896036.jpg
1160,image_1139526439_product_2379731611.jpg
1160,image_1230546689_product_2493960569.jpg
1160,image_858283665_product_92561665.jpg
1160,image_853305411_product_84062886.jpg
1160,image_1112085246_product_1035063007.jpg
1160,image_1134482588_product_2279592700.jpg
1160,image_1084358489_product_1495680758.jpg
1160,image_1084330817_product_1492484862.jpg
1160,image_1307270064_product_4169252228.jpg
1160,image_284536212_product_16275135.jpg
1160,image_1156940732_product_2667276998.jpg
1160,image_1208626360_product_3353822014.jpg
1160,image_934310909_product_191983544.jpg
1160,image_1012322102_product_457662538.jpg
1160,image_861903311_product_100772134.jpg
1160,image_1120849871_product_2022523352.jpg
1160,image_285172116_product_5878882.jpg
1160,image_956471849_product_220904717.jpg
1160,image_863575765_product_104200892.jpg
1160,image_1207477844_product_3334311440.jpg
1160,image_1078333491_product_773359036.jpg
1160,image_1287779059_product_4077142424.jpg
1160,image_1004010196_product_401115599.jpg
1160,image_875145210_product_120998472.jpg
1160,image_858078445_product_92235081.jpg
1160,image_1193623444_product_3147609780.jpg
1160,image_870889184_product_115573761.jpg
1160,image_649890674_product_55541592.jpg
1160,image_1225685903_product_3588030559.jpg
1160,image_1240984475_product_3750290363.jpg
1160,image_853955050_product_85236484.jpg
1160,image_1087423286_product_1519957240.jpg
1160,image_1072735896_product_1303836097.jpg
1160,image_1047730967_product_911516282.jpg
1160,image_908161315_product_152706158.jpg
1160,image_1059017617_product_1087820419.jpg
1160,image_1032089797_product_616389715.jpg
1160,image_436947892_product_50048695.jpg
1180,image_1215356932_product_3470027817.jpg
1180,image_1141762586_product_1987771239.jpg
1180,image_1062988685_product_1116055073.jpg
1180,image_1291956184_product_4101892043.jpg
1180,image_1032655113_product_623755413.jpg
1180,image_1033691018_product_656078966.jpg
1180,image_1218919468_product_3515718679.jpg
1180,image_1091960447_product_1548294617.jpg
1180,image_1290333307_product_4091232453.jpg
1180,image_855808601_product_88561133.jpg
1180,image_1137555543_product_1548292588.jpg
1180,image_853318085_product_84184147.jpg
1180,image_1038802984_product_766486991.jpg
1180,image_1032989675_product_639915907.jpg
1180,image_959396634_product_231453101.jpg
1180,image_925851285_product_177587150.jpg
1180,image_930775325_product_184856253.jpg
1180,image_1276340917_product_4009739494.jpg
1180,image_1176026395_product_2947233213.jpg
1180,image_1255202247_product_3863871727.jpg
1180,image_968833990_product_255203146.jpg
1180,image_966288206_product_252343919.jpg
1180,image_1296181250_product_4088130015.jpg
1180,image_940356263_product_203741669.jpg
1180,image_1325973862_product_4241243836.jpg
1180,image_1311058160_product_4182118118.jpg
1180,image_1011871717_product_446888298.jpg
1180,image_1064807472_product_1142162254.jpg
1180,image_965236926_product_249971852.jpg
1180,image_1036721520_product_718507143.jpg
1180,image_1149823848_product_2556834094.jpg
1180,image_914956981_product_159350020.jpg
1180,image_1181392580_product_2991672068.jpg
1180,image_876616639_product_121964502.jpg
1180,image_1312714061_product_4190186000.jpg
1180,image_1097547195_product_1672813984.jpg
1180,image_1282185937_product_4053110857.jpg
1180,image_916856343_product_161979355.jpg
1180,image_1251742431_product_3835256580.jpg
1180,image_1092313572_product_1548294461.jpg
1180,image_1255202301_product_3865300749.jpg
1180,image_1138092335_product_2352568391.jpg
1180,image_964076240_product_245765717.jpg
1180,image_1255299320_product_3865853412.jpg
1180,image_1311063969_product_4182118323.jpg
1180,image_927267267_product_180033309.jpg
1180,image_1131229365_product_2193294613.jpg
1180,image_856316736_product_89472096.jpg
1180,image_1289405118_product_4086541333.jpg
1180,image_968666740_product_254520584.jpg
1280,image_1252193980_product_3847769653.jpg
1280,image_1295750944_product_4126965399.jpg
1280,image_1328251028_product_4250626799.jpg
1280,image_1281887387_product_4050713410.jpg
1280,image_1252243663_product_3846111623.jpg
1280,image_1040626872_product_816893167.jpg
1280,image_879232910_product_124649496.jpg
1280,image_1118386430_product_1983972645.jpg
1280,image_1283761407_product_4058940500.jpg
1280,image_1285148307_product_4066272585.jpg
1280,image_1254436790_product_3859878238.jpg
1280,image_1250158191_product_3830391333.jpg
1280,image_1258650635_product_3883456252.jpg
1280,image_1254339668_product_3861176347.jpg
1280,image_1312762612_product_4195565313.jpg
1280,image_1257891771_product_3883419580.jpg
1280,image_918225960_product_163797179.jpg
1280,image_1284604708_product_4065768310.jpg
1280,image_1014901762_product_474387460.jpg
1280,image_1323438003_product_4231417745.jpg
1280,image_1146409147_product_869126241.jpg
1280,image_1262537977_product_3908516707.jpg
1280,image_1285132052_product_4066271074.jpg
1280,image_1245205719_product_3789597426.jpg
1280,image_884201805_product_124408562.jpg
1280,image_1287041318_product_4074712835.jpg
1280,image_1318151672_product_179375894.jpg
1280,image_1271465268_product_3976922302.jpg
1280,image_1271443889_product_3976920309.jpg
1280,image_1254943048_product_3867138175.jpg
1280,image_1280439501_product_4045061809.jpg
1280,image_908500519_product_152926388.jpg
1280,image_1254991471_product_3867145151.jpg
1280,image_989058402_product_294410278.jpg
1280,image_1317371133_product_4212779801.jpg
1280,image_1328232836_product_4250613029.jpg
1280,image_1321335543_product_4227064002.jpg
1280,image_1312830416_product_4195572863.jpg
1280,image_1219681652_product_3526798275.jpg
1280,image_1204207650_product_3287146958.jpg
1280,image_1215391849_product_3470128353.jpg
1280,image_1258605270_product_3883455133.jpg
1280,image_1163126873_product_2763664514.jpg
1280,image_1015250210_product_479310956.jpg
1280,image_1240226450_product_3745006359.jpg
1280,image_1322894073_product_4230773703.jpg
1280,image_1307489089_product_4171080618.jpg
1280,image_1254365032_product_3861177574.jpg
1280,image_1316896303_product_4211078394.jpg
1280,image_1092312306_product_1580603658.jpg
1281,image_934204025_product_191890537.jpg
1281,image_1057321711_product_1068366946.jpg
1281,image_875404764_product_121429622.jpg
1281,image_1033980697_product_666923005.jpg
1281,image_1201834869_product_3249407350.jpg
1281,image_933739238_product_190503178.jpg
1281,image_1275490245_product_4006488791.jpg
1281,image_1119960014_product_2006970624.jpg
1281,image_862436299_product_102087555.jpg
1281,image_1222864794_product_3565122675.jpg
1281,image_1215270036_product_3465099777.jpg
1281,image_1045214169_product_865593282.jpg
1281,image_912900773_product_157069905.jpg
1281,image_1240234552_product_3745162464.jpg
1281,image_1201833042_product_3249406225.jpg
1281,image_1277331728_product_4022157623.jpg
1281,image_1275685298_product_4006530605.jpg
1281,image_1318104611_product_3418402678.jpg
1281,image_1318250185_product_274356119.jpg
1281,image_1275628981_product_4007155768.jpg
1281,image_1275606717_product_4006500271.jpg
1281,image_1308951021_product_4175189778.jpg
1281,image_1317477414_product_4213276585.jpg
1281,image_1243694291_product_3773635991.jpg
1281,image_1209414356_product_3376826727.jpg
1281,image_1275718690_product_4006540435.jpg
1281,image_963479601_product_243413889.jpg
1281,image_1275532478_product_4006492217.jpg
1281,image_285873205_product_16550574.jpg
1281,image_1222059190_product_3556103368.jpg
1281,image_1275671571_product_4006519326.jpg
1281,image_1275717613_product_4006540356.jpg
1281,image_1197666561_product_3202268128.jpg
1281,image_1216991410_product_3376750936.jpg
1281,image_1240228978_product_3745011318.jpg
1281,image_1275475059_product_4006487955.jpg
1281,image_1231533686_product_3648044202.jpg
1281,image_1317492882_product_4213277007.jpg
1281,image_1127102067_product_2116206011.jpg
1281,image_1275679992_product_4006528807.jpg
1281,image_939218347_product_198693929.jpg
1281,image_977171513_product_277297778.jpg
1281,image_857305295_product_91103195.jpg
1281,image_1201835282_product_3249409266.jpg
1281,image_1275549944_product_4006494487.jpg
1281,image_1318066315_product_682174947.jpg
1281,image_1298336490_product_4133335468.jpg
1281,image_1275667391_product_4006518808.jpg
1281,image_1227398687_product_3605755715.jpg
1281,image_1275691056_product_4006531525.jpg
1300,image_1285871025_product_4017683158.jpg
1300,image_1279998736_product_4042587829.jpg
1300,image_1264011150_product_3923289082.jpg
1300,image_1192284475_product_3123347871.jpg
1300,image_1227159675_product_3607250110.jpg
1300,image_1307843896_product_4172829995.jpg
1300,image_1193636852_product_3148097340.jpg
1300,image_1048485681_product_939579703.jpg
1300,image_1240723857_product_3748204816.jpg
1300,image_1237587824_product_3721547425.jpg
1300,image_904550248_product_149276653.jpg
1300,image_1279752130_product_4041425513.jpg
1300,image_1313434005_product_4197675847.jpg
1300,image_1279764899_product_4041457464.jpg
1300,image_1303079676_product_4157458629.jpg
1300,image_1221446296_product_3563519954.jpg
1300,image_1292014104_product_4105723089.jpg
1300,image_1221442914_product_3563518557.jpg
1300,image_717500301_product_59216047.jpg
1300,image_1280076672_product_4042479605.jpg
1300,image_1304029875_product_4160809330.jpg
1300,image_1095514860_product_1632923409.jpg
1300,image_1305328574_product_4165064610.jpg
1300,image_1307834831_product_4172828800.jpg
1300,image_1291980475_product_4105522127.jpg
1300,image_1277532680_product_4019813460.jpg
1300,image_1313681889_product_4199858093.jpg
1300,image_1238298158_product_3727587696.jpg
1300,image_1260354970_product_3893199017.jpg
1300,image_1271553244_product_3976945593.jpg
1300,image_1144257426_product_2468937359.jpg
1300,image_1282011000_product_4050755745.jpg
1300,image_1301869358_product_4153638980.jpg
1300,image_1277514603_product_4019800586.jpg
1300,image_1064086302_product_1133864947.jpg
1300,image_1313463947_product_4197680042.jpg
1300,image_865383785_product_107748988.jpg
1300,image_1282023631_product_4050758346.jpg
1300,image_1259611490_product_3889150131.jpg
1300,image_1033181662_product_644014285.jpg
1300,image_1228847656_product_3620886102.jpg
1300,image_1250260546_product_3831237071.jpg
1300,image_1301538110_product_4150997574.jpg
1300,image_1028659494_product_586771407.jpg
1300,image_969094680_product_254461315.jpg
1300,image_1100595205_product_1733407428.jpg
1300,image_1282775541_product_4058944914.jpg
1300,image_1251485696_product_3842786372.jpg
1300,image_927145094_product_179853872.jpg
1300,image_1250919858_product_3836828161.jpg
1301,image_1261428331_product_3898729169.jpg
1301,image_1261389027_product_3898719208.jpg
1301,image_1110407375_product_1881504154.jpg
1301,image_1261361381_product_3898715210.jpg
1301,image_964236523_product_246357894.jpg
1301,image_987027260_product_293558041.jpg
1301,image_1094847186_product_1629867619.jpg
1301,image_1261409060_product_3898721915.jpg
1301,image_1261409414_product_3898722054.jpg
1301,image_1261419270_product_3898725503.jpg
1301,image_1309220990_product_4180043275.jpg
1301,image_1261403468_product_3898720870.jpg
1301,image_1148906798_product_2549610067.jpg
1301,image_893308885_product_141192376.jpg
1301,image_1261366567_product_3898715646.jpg
1301,image_1261409868_product_3898722428.jpg
1301,image_1261388321_product_3898718648.jpg
1301,image_1261417013_product_3898724668.jpg
1301,image_1228861361_product_3621194114.jpg
1301,image_1261389268_product_3898719227.jpg
1301,image_893310458_product_141191693.jpg
1301,image_1261398501_product_3898720101.jpg
1301,image_1261369551_product_3898716051.jpg
1301,image_1261410677_product_3898722484.jpg
1301,image_893311802_product_141191254.jpg
1301,image_1261400184_product_3898720362.jpg
1301,image_1261383491_product_3898717484.jpg
1301,image_1211622327_product_3406162007.jpg
1301,image_1261421652_product_3898726963.jpg
1301,image_1115857844_product_1951738466.jpg
1301,image_1261414614_product_3898723734.jpg
1301,image_1228861376_product_3621194128.jpg
1301,image_893309140_product_141190861.jpg
1301,image_1261389038_product_3898719209.jpg
1301,image_1141346646_product_2429364508.jpg
1301,image_1012794954_product_461069252.jpg
1301,image_912046235_product_156139455.jpg
1301,image_1261420574_product_3898726294.jpg
1301,image_1261427918_product_3898729106.jpg
1301,image_1261415005_product_3898723811.jpg
1301,image_890156161_product_136255765.jpg
1301,image_1261416801_product_3898724651.jpg
1301,image_893309285_product_141192377.jpg
1301,image_1261429984_product_3898729626.jpg
1301,image_1261423804_product_3898727670.jpg
1301,image_893313234_product_141191355.jpg
1301,image_1245898136_product_3790450079.jpg
1301,image_1092722605_product_1539731404.jpg
1301,image_1167719700_product_2823853930.jpg
1301,image_1261416180_product_3898724511.jpg
1302,image_1323996233_product_4235886691.jpg
1302,image_1188953614_product_3075343321.jpg
1302,image_1324193249_product_4236297598.jpg
1302,image_1324065985_product_4236041665.jpg
1302,image_1260398479_product_3893246169.jpg
1302,image_1324193322_product_4236297601.jpg
1302,image_1110775319_product_1903982302.jpg
1302,image_1042991889_product_819713669.jpg
1302,image_1325139845_product_4240466179.jpg
1302,image_1324035345_product_4235889668.jpg
1302,image_1093147917_product_1597974816.jpg
1302,image_1276052674_product_4010225262.jpg
1302,image_1323253726_product_4231686644.jpg
1302,image_1121940932_product_2045070965.jpg
1302,image_1278118395_product_4029703723.jpg
1302,image_1324187553_product_4236297124.jpg
1302,image_1323333751_product_4231757635.jpg
1302,image_981731729_product_285051293.jpg
1302,image_1299697347_product_4143428912.jpg
1302,image_1323695793_product_4234147769.jpg
1302,image_1249694573_product_3761651269.jpg
1302,image_1323993287_product_4235886352.jpg
1302,image_1188953793_product_3075343400.jpg
1302,image_1323679165_product_4234147030.jpg
1302,image_1323324667_product_4231757278.jpg
1302,image_1323689022_product_4234147403.jpg
1302,image_1240859461_product_3750168878.jpg
1302,image_1260343888_product_3893243288.jpg
1302,image_1324006158_product_4235887439.jpg
1302,image_1267257372_product_3939867684.jpg
1302,image_1324035647_product_4235889700.jpg
1302,image_1217085151_product_3489733611.jpg
1302,image_1318422271_product_778945031.jpg
1302,image_1324048191_product_4236041287.jpg
1302,image_1124373259_product_1968807381.jpg
1302,image_1212274533_product_3420708960.jpg
1302,image_1323344016_product_4231758087.jpg
1302,image_1260352496_product_3893244078.jpg
1302,image_1324074782_product_4236041798.jpg
1302,image_1276036307_product_4010224891.jpg
1302,image_971050807_product_261235562.jpg
1302,image_1156926302_product_2678801465.jpg
1302,image_1324035132_product_4235889659.jpg
1302,image_1213149146_product_3441756838.jpg
1302,image_1266064205_product_3931910255.jpg
1302,image_1041977295_product_836085175.jpg
1302,image_1260344657_product_3893243351.jpg
1302,image_1237461202_product_532978405.jpg
1302,image_1325155105_product_4240471813.jpg
1302,image_1244016057_product_3708330777.jpg
1320,image_1253459545_product_3856809795.jpg
1320,image_1247315394_product_3610139217.jpg
1320,image_1308305335_product_4151714154.jpg
1320,image_1283550165_product_4061480584.jpg
1320,image_1263004093_product_3913252357.jpg
1320,image_1308320326_product_4151887127.jpg
1320,image_1181060666_product_2999852498.jpg
1320,image_1192043812_product_3120575921.jpg
1320,image_1276530714_product_4014019853.jpg
1320,image_1260623498_product_3894608978.jpg
1320,image_1318164534_product_474495770.jpg
1320,image_1251020778_product_3837275163.jpg
1320,image_1320150829_product_4215428640.jpg
1320,image_1138019568_product_938670986.jpg
1320,image_1192164362_product_3122723239.jpg
1320,image_1321338606_product_4222580934.jpg
1320,image_1138561670_product_2360404556.jpg
1320,image_1276531422_product_4014022961.jpg
1320,image_1257411126_product_3881319624.jpg
1320,image_1192152212_product_3122669784.jpg
1320,image_1268908719_product_3945252827.jpg
1320,image_1181523547_product_2361171754.jpg
1320,image_1137676137_product_247392834.jpg
1320,image_1192478354_product_3128687940.jpg
1320,image_1146391397_product_1924554045.jpg
1320,image_1320710677_product_4221596553.jpg
1320,image_1205955067_product_3315044892.jpg
1320,image_1288094425_product_4079556263.jpg
1320,image_1287935951_product_4079553342.jpg
1320,image_1131479756_product_2033307867.jpg
1320,image_1075457453_product_1347474957.jpg
1320,image_1111683761_product_1902762612.jpg
1320,image_1294222305_product_4118505170.jpg
1320,image_1121208596_product_2033307645.jpg
1320,image_1061560840_product_567639605.jpg
1320,image_1248383411_product_3814877912.jpg
1320,image_920493676_product_166605753.jpg
1320,image_1283494295_product_4061478989.jpg
1320,image_1192397910_product_3098204623.jpg
1320,image_1311937687_product_4190902457.jpg
1320,image_986080950_product_291865514.jpg
1320,image_1128193724_product_2138419847.jpg
1320,image_998427095_product_334563990.jpg
1320,image_1078868384_product_1410624400.jpg
1320,image_1144455991_product_2482251083.jpg
1320,image_1191564834_product_2829418598.jpg
1320,image_1128194024_product_2138420076.jpg
1320,image_978906571_product_280635866.jpg
1320,image_1038668048_product_757552994.jpg
1320,image_1257407740_product_3881319440.jpg
1560,image_1292397974_product_4108909631.jpg
1560,image_1310763314_product_4182275556.jpg
1560,image_1292387661_product_4108907787.jpg
1560,image_1199472152_product_3230429612.jpg
1560,image_1306829461_product_4168956679.jpg
1560,image_1251220593_product_3838164360.jpg
1560,image_1264224669_product_3924751975.jpg
1560,image_1301565963_product_4151265213.jpg
1560,image_1304110123_product_4147744519.jpg
1560,image_1315324993_product_4205111295.jpg
1560,image_1249587112_product_3820236764.jpg
1560,image_1304120589_product_4145254082.jpg
1560,image_1162149725_product_2747716210.jpg
1560,image_1267322754_product_3942397189.jpg
1560,image_1157566245_product_2686855833.jpg
1560,image_1176099449_product_2954029689.jpg
1560,image_1261666243_product_3900591724.jpg
1560,image_1282882472_product_4057530636.jpg
1560,image_1310729732_product_4182273607.jpg
1560,image_1308748176_product_4177785435.jpg
1560,image_1254912024_product_3866914494.jpg
1560,image_1264228385_product_3853156747.jpg
1560,image_1310106419_product_4182927177.jpg
1560,image_1304111497_product_4144863248.jpg
1560,image_1301521182_product_4151263313.jpg
1560,image_1303959743_product_4160496300.jpg
1560,image_1219883614_product_3532982778.jpg
1560,image_1257521204_product_3881701328.jpg
1560,image_1269494157_product_3959361207.jpg
1560,image_1110808322_product_1904420382.jpg
1560,image_1178066617_product_2980765965.jpg
1560,image_1307863871_product_4172854478.jpg
1560,image_1307193266_product_4170894237.jpg
1560,image_1261706628_product_3900594533.jpg
1560,image_1318669102_product_4216251998.jpg
1560,image_1292921418_product_4113742328.jpg
1560,image_1282957095_product_4057770311.jpg
1560,image_1306853561_product_4168957329.jpg
1560,image_1318665775_product_4216251936.jpg
1560,image_1273907992_product_3995598893.jpg
1560,image_1266504695_product_3938616828.jpg
1560,image_1292523293_product_4108940740.jpg
1560,image_1308747959_product_4177785432.jpg
1560,image_1251407141_product_3842550418.jpg
1560,image_1301631724_product_4151267260.jpg
1560,image_1323078897_product_4232650719.jpg
1560,image_1318428028_product_4174545089.jpg
1560,image_1261713505_product_3900595725.jpg
1560,image_1256797489_product_3875046967.jpg
1560,image_1041950470_product_835322805.jpg
1920,image_1300539220_product_4147140423.jpg
1920,image_1273625431_product_3992769779.jpg
1920,image_1265604111_product_3931890614.jpg
1920,image_1279423672_product_4037130270.jpg
1920,image_1301335283_product_4150978320.jpg
1920,image_1271234566_product_3976409882.jpg
1920,image_1297901926_product_4137417207.jpg
1920,image_1303398112_product_4158387995.jpg
1920,image_1310451898_product_4182304861.jpg
1920,image_1273041141_product_3992542387.jpg
1920,image_1301186091_product_4150963470.jpg
1920,image_1236324856_product_3707218828.jpg
1920,image_1057424087_product_1078796742.jpg
1920,image_1290762757_product_4095115949.jpg
1920,image_1279188471_product_4037100508.jpg
1920,image_1275067376_product_4003839454.jpg
1920,image_1273041547_product_3992542645.jpg
1920,image_1322935118_product_4231789220.jpg
1920,image_1273325452_product_3992615087.jpg
1920,image_1275374117_product_4003965259.jpg
1920,image_1098403356_product_3952101074.jpg
1920,image_1279050817_product_4037576260.jpg
1920,image_1273571158_product_3992764927.jpg
1920,image_1276358118_product_4012750545.jpg
1920,image_1106686558_product_1923132081.jpg
1920,image_1260227171_product_3894914916.jpg
1920,image_1273142197_product_3992405301.jpg
1920,image_1260224191_product_3894913099.jpg
1920,image_1273722365_product_3992778497.jpg
1920,image_1273045284_product_3992496198.jpg
1920,image_1275341883_product_4003961456.jpg
1920,image_1258597650_product_3885518703.jpg
1920,image_1255734649_product_3871035725.jpg
1920,image_1322099174_product_4229651280.jpg
1920,image_1262852071_product_3910507588.jpg
1920,image_1273189054_product_3992528942.jpg
1920,image_1255666757_product_3870846118.jpg
1920,image_1273623849_product_3992769679.jpg
1920,image_1301303896_product_4150975304.jpg
1920,image_1322991384_product_4231798905.jpg
1920,image_1279158719_product_4037582440.jpg
1920,image_1309815597_product_4182065013.jpg
1920,image_1303746303_product_4159400719.jpg
1920,image_1255727001_product_3871034717.jpg
1920,image_1273418504_product_3992638443.jpg
1920,image_1258650265_product_3885520982.jpg
1920,image_1309817325_product_4182065618.jpg
1920,image_1273291790_product_3992554970.jpg
1920,image_1323450436_product_4231850300.jpg
1920,image_1301391405_product_4150985084.jpg
1940,image_1252799292_product_3851807863.jpg
1940,image_1301483658_product_4152256986.jpg
1940,image_1282290317_product_4056000842.jpg
1940,image_1255326250_product_3869439756.jpg
1940,image_1230498818_product_3638923897.jpg
1940,image_1105411116_product_1848933693.jpg
1940,image_1254446779_product_3860155652.jpg
1940,image_938665847_product_200923701.jpg
1940,image_1252819457_product_3852099957.jpg
1940,image_1282285510_product_4055997319.jpg
1940,image_1252819534_product_3852100004.jpg
1940,image_1282290507_product_4056000869.jpg
1940,image_1238388918_product_3642059860.jpg
1940,image_1191804999_product_3116680186.jpg
1940,image_1255143949_product_3868751689.jpg
1940,image_1149925718_product_2567140669.jpg
1940,image_1255299282_product_3866906023.jpg
1940,image_1255207939_product_3863480233.jpg
1940,image_1167669747_product_2843164946.jpg
1940,image_1196268731_product_3184140403.jpg
1940,image_1202016429_product_2843197699.jpg
1940,image_874132710_product_119903333.jpg
1940,image_1230498883_product_3638923935.jpg
1940,image_1154957443_product_2635928216.jpg
1940,image_1282293867_product_4056001875.jpg
1940,image_1101779438_product_1783506707.jpg
1940,image_1048545714_product_941663592.jpg
1940,image_1309621543_product_4181402434.jpg
1940,image_1282283427_product_4055995882.jpg
1940,image_1152495328_product_2607273635.jpg
1940,image_1272248581_product_3988483879.jpg
1940,image_1282287764_product_4055998758.jpg
1940,image_1252819443_product_3852099950.jpg
1940,image_1167679241_product_2843165230.jpg
1940,image_1282290689_product_4056000887.jpg
1940,image_1204177230_product_3286509703.jpg
1940,image_1277650802_product_4025143713.jpg
1940,image_1299053833_product_4141586395.jpg
1940,image_1167669183_product_2843131477.jpg
1940,image_1252575297_product_3847851187.jpg
1940,image_924875221_product_176241221.jpg
1940,image_1167974999_product_2848856871.jpg
1940,image_1282283768_product_4056001410.jpg
1940,image_1086341822_product_1511216238.jpg
1940,image_1253996018_product_3859749191.jpg
1940,image_1147450323_product_2532147301.jpg
1940,image_1309629622_product_4181409426.jpg
1940,image_1282294964_product_4056002104.jpg
1940,image_1115200411_product_1940763702.jpg
1940,image_1191171674_product_3038735787.jpg
2060,image_1234466231_product_3684644234.jpg
2060,image_1311671843_product_4189024193.jpg
2060,image_1124413869_product_2076931936.jpg
2060,image_1311781670_product_4189048049.jpg
2060,image_1268998143_product_3955086615.jpg
2060,image_1289814216_product_4087680486.jpg
2060,image_1255692706_product_3870962826.jpg
2060,image_1194529574_product_3160799418.jpg
2060,image_1320230286_product_4215716299.jpg
2060,image_873744730_product_119563851.jpg
2060,image_1318780572_product_4217955416.jpg
2060,image_1289657433_product_4086150123.jpg
2060,image_1254652044_product_3863635806.jpg
2060,image_1266180412_product_3935904427.jpg
2060,image_1317755028_product_4213442177.jpg
2060,image_946944652_product_209067278.jpg
2060,image_1240638826_product_3748055556.jpg
2060,image_1268053281_product_3944545653.jpg
2060,image_1233857998_product_3682522878.jpg
2060,image_1318953949_product_4213849199.jpg
2060,image_1308167191_product_4174720849.jpg
2060,image_1264079692_product_3923183377.jpg
2060,image_1316652545_product_4200950944.jpg
2060,image_1277945880_product_4023225747.jpg
2060,image_1254041254_product_3859922756.jpg
2060,image_1313487462_product_4198464418.jpg
2060,image_1245655649_product_3793678531.jpg
2060,image_1254425587_product_3861759172.jpg
2060,image_1317642826_product_4213260422.jpg
2060,image_1108475147_product_1877103839.jpg
2060,image_1275740050_product_4008269839.jpg
2060,image_1277718943_product_4023030686.jpg
2060,image_1320687673_product_4225400750.jpg
2060,image_877657640_product_123023258.jpg
2060,image_1271683050_product_3979573338.jpg
2060,image_1217633827_product_3495662739.jpg
2060,image_1316901208_product_4210959959.jpg
2060,image_1316377514_product_4209239081.jpg
2060,image_1242275064_product_4020049703.jpg
2060,image_1313218025_product_4182811337.jpg
2060,image_1313191094_product_4182719096.jpg
2060,image_1256955987_product_3875043735.jpg
2060,image_1257852857_product_3883188959.jpg
2060,image_1315457298_product_4205933233.jpg
2060,image_1323585788_product_4234241026.jpg
2060,image_1167015825_product_3513935855.jpg
2060,image_1139135314_product_2380564047.jpg
2060,image_1254834179_product_3866446639.jpg
2060,image_1312694565_product_4195680042.jpg
2060,image_1313156315_product_4182665408.jpg
2220,image_1311492413_product_4187457940.jpg
2220,image_1319189386_product_4214052783.jpg
2220,image_1311215754_product_4182064253.jpg
2220,image_1189546106_product_3082699314.jpg
2220,image_1231201892_product_3646277899.jpg
2220,image_1270416708_product_3971883935.jpg
2220,image_1121713995_product_2041744418.jpg
2220,image_1246408121_product_3798831292.jpg
2220,image_1324284729_product_4235890402.jpg
2220,image_1263759190_product_3921346453.jpg
2220,image_1311419218_product_4187452527.jpg
2220,image_1311456285_product_4187455115.jpg
2220,image_1246394724_product_3798827755.jpg
2220,image_1272119639_product_3986440953.jpg
2220,image_1290393567_product_4093214288.jpg
2220,image_1311211752_product_4182064042.jpg
2220,image_1257601214_product_3881982358.jpg
2220,image_1241781093_product_3760779635.jpg
2220,image_1117721610_product_1976749918.jpg
2220,image_1324279493_product_4235890148.jpg
2220,image_1152181638_product_2601262388.jpg
2220,image_1324078911_product_4233701887.jpg
2220,image_1131241096_product_2198905851.jpg
2220,image_1323038301_product_4232482373.jpg
2220,image_1109255525_product_1886337921.jpg
2220,image_1279588526_product_4040184166.jpg
2220,image_1177691077_product_2977610167.jpg
2220,image_1317087969_product_4183600512.jpg
2220,image_1106360456_product_1864410054.jpg
2220,image_1279580030_product_4040183921.jpg
2220,image_1270430546_product_3971905608.jpg
2220,image_1095052154_product_1631551953.jpg
2220,image_1314015484_product_4186125558.jpg
2220,image_1319199192_product_4214053641.jpg
2220,image_1324286712_product_4235890448.jpg
2220,image_1271963104_product_3986429870.jpg
2220,image_1259681700_product_3889182165.jpg
2220,image_1138039732_product_2355393390.jpg
2220,image_1315221115_product_4187657946.jpg
2220,image_1317074921_product_4183581945.jpg
2220,image_1290991762_product_4099130462.jpg
2220,image_1161785204_product_2738476997.jpg
2220,image_1324125238_product_4233706182.jpg
2220,image_1102745157_product_1806903689.jpg
2220,image_1177630945_product_2973520545.jpg
2220,image_1272119183_product_3986440935.jpg
2220,image_1265350884_product_3930494814.jpg
2220,image_1272159889_product_3986442861.jpg
2220,image_1109252832_product_1886337951.jpg
2220,image_1152967549_product_2615811464.jpg
2280,image_1117922684_product_1976557607.jpg
2280,image_1008021839_product_435874057.jpg
2280,image_1007547960_product_435061124.jpg
2280,image_1027026797_product_569632959.jpg
2280,image_1009242384_product_440547290.jpg
2280,image_1027277094_product_570741776.jpg
2280,image_1007700468_product_435080004.jpg
2280,image_1298280032_product_4134828054.jpg
2280,image_999448764_product_333513717.jpg
2280,image_1009289782_product_440640700.jpg
2280,image_701114286_product_58398442.jpg
2280,image_1027311990_product_570697420.jpg
2280,image_1008033559_product_435858524.jpg
2280,image_957797106_product_225394690.jpg
2280,image_1026948717_product_569741113.jpg
2280,image_1169867048_product_2883886221.jpg
2280,image_855718390_product_49747548.jpg
2280,image_1027380521_product_570739163.jpg
2280,image_873910109_product_115233191.jpg
2280,image_1027372406_product_570738578.jpg
2280,image_1027347642_product_531639199.jpg
2280,image_1008112958_product_435932325.jpg
2280,image_972150828_product_264138691.jpg
2280,image_932317064_product_188172018.jpg
2280,image_1007654230_product_435102063.jpg
2280,image_864918102_product_106963562.jpg
2280,image_109149430_product_3351687.jpg
2280,image_451317730_product_50297328.jpg
2280,image_833461742_product_61346288.jpg
2280,image_1027296471_product_570636227.jpg
2280,image_1007698612_product_435050550.jpg
2280,image_970338088_product_258776003.jpg
2280,image_906538208_product_57255128.jpg
2280,image_1008019569_product_435893199.jpg
2280,image_873806338_product_119583570.jpg
2280,image_892700209_product_140070690.jpg
2280,image_1007561627_product_435036510.jpg
2280,image_1027340422_product_315555265.jpg
2280,image_1027188143_product_569826526.jpg
2280,image_1026864221_product_569612072.jpg
2280,image_1099764135_product_1700758005.jpg
2280,image_854517030_product_95841232.jpg
2280,image_1026788841_product_569542901.jpg
2280,image_463299930_product_50511156.jpg
2280,image_1014678086_product_473941999.jpg
2280,image_869152661_product_51605953.jpg
2280,image_1027018623_product_569723067.jpg
2280,image_1027301300_product_570694496.jpg
2280,image_984905224_product_289262137.jpg
2280,image_1027000267_product_569625626.jpg
2403,image_1257675115_product_3882288842.jpg
2403,image_1081744601_product_1461741512.jpg
2403,image_1026165921_product_560484689.jpg
2403,image_1073516650_product_1322434283.jpg
2403,image_1212377484_product_3423702989.jpg
2403,image_1179962406_product_2993983217.jpg
2403,image_900573662_product_146239790.jpg
2403,image_1257301914_product_3879976745.jpg
2403,image_1149035029_product_2552713631.jpg
2403,image_1125624494_product_232256314.jpg
2403,image_1136995935_product_2337052098.jpg
2403,image_1302649511_product_4155959518.jpg
2403,image_1156555549_product_2672945668.jpg
2403,image_1010240148_product_445344561.jpg
2403,image_1245408929_product_3792227383.jpg
2403,image_1246358309_product_3798829371.jpg
2403,image_941337992_product_201072383.jpg
2403,image_1078099089_product_1387320975.jpg
2403,image_1033878714_product_667821033.jpg
2403,image_1235827248_product_3700330501.jpg
2403,image_1230866174_product_3642604587.jpg
2403,image_1137869455_product_2355457102.jpg
2403,image_1263388468_product_3917074380.jpg
2403,image_1254196045_product_3860285522.jpg
2403,image_1149484855_product_2557973784.jpg
2403,image_1138437208_product_2368123332.jpg
2403,image_1045311745_product_869106131.jpg
2403,image_1171148168_product_2904558054.jpg
2403,image_1262102202_product_3904088868.jpg
2403,image_1196342467_product_3185774385.jpg
2403,image_936659268_product_196353562.jpg
2403,image_935966871_product_195769015.jpg
2403,image_1033128868_product_645449093.jpg
2403,image_1036686259_product_715204984.jpg
2403,image_1105564467_product_1853041459.jpg
2403,image_1231393943_product_3648434979.jpg
2403,image_1291964163_product_4104904329.jpg
2403,image_1285434736_product_4068975891.jpg
2403,image_1294204289_product_4122281996.jpg
2403,image_860805721_product_98823214.jpg
2403,image_1221500392_product_3564368264.jpg
2403,image_1204440632_product_3289850219.jpg
2403,image_1238149274_product_3726578157.jpg
2403,image_1006103715_product_420166189.jpg
2403,image_1064470903_product_1137593678.jpg
2403,image_982637101_product_286563380.jpg
2403,image_1218813861_product_3518815807.jpg
2403,image_1252821651_product_3852098167.jpg
2403,image_1123357480_product_2051980710.jpg
2403,image_1308382550_product_4176071161.jpg
2462,image_1102725022_product_1806507770.jpg
2462,image_1243295778_product_3772606974.jpg
2462,image_1204559875_product_3292151921.jpg
2462,image_1133614012_product_2258372330.jpg
2462,image_1144564880_product_2484617302.jpg
2462,image_1111675253_product_1913424552.jpg
2462,image_1179316598_product_2991326313.jpg
2462,image_969459523_product_256734500.jpg
2462,image_1027607303_product_573978407.jpg
2462,image_1240843135_product_3749912179.jpg
2462,image_1098064674_product_1677711059.jpg
2462,image_1191731757_product_3114334153.jpg
2462,image_1038555811_product_752681086.jpg
2462,image_1207713360_product_3344835089.jpg
2462,image_1088404133_product_1538641983.jpg
2462,image_1228858643_product_3620886142.jpg
2462,image_1058972548_product_1089685811.jpg
2462,image_1101099883_product_1750478257.jpg
2462,image_928868424_product_182283107.jpg
2462,image_1326151947_product_4244021263.jpg
2462,image_1241440622_product_2172056484.jpg
2462,image_1098089139_product_1678726375.jpg
2462,image_1186526082_product_3031830957.jpg
2462,image_1213118158_product_3441453351.jpg
2462,image_1279466316_product_4039489304.jpg
2462,image_1101805214_product_1783041249.jpg
2462,image_923599335_product_174229185.jpg
2462,image_1156754233_product_2676463175.jpg
2462,image_1088847088_product_1545224088.jpg
2462,image_1069376709_product_1242479037.jpg
2462,image_1263285301_product_3915994120.jpg
2462,image_1168148930_product_2853488657.jpg
2462,image_1127682047_product_2128604465.jpg
2462,image_981599072_product_284874956.jpg
2462,image_981560610_product_284733216.jpg
2462,image_982178742_product_285849251.jpg
2462,image_1212166615_product_3417770208.jpg
2462,image_1233610947_product_3681134104.jpg
2462,image_985510531_product_290841637.jpg
2462,image_1083455229_product_1481215110.jpg
2462,image_1119375147_product_1996043363.jpg
2462,image_973612643_product_269649402.jpg
2462,image_1013165604_product_464293314.jpg
2462,image_1048712909_product_944401732.jpg
2462,image_1263081161_product_3913488976.jpg
2462,image_1133776183_product_2265172680.jpg
2462,image_1207302014_product_2997249641.jpg
2462,image_1298497257_product_4139887557.jpg
2462,image_1316338386_product_4196122800.jpg
2462,image_1203420767_product_3275515672.jpg
2522,image_862579600_product_102707106.jpg
2522,image_1040820556_product_819671584.jpg
2522,image_987689595_product_293566297.jpg
2522,image_1306580294_product_4167082736.jpg
2522,image_1024684359_product_546148349.jpg
2522,image_1258327848_product_3881733511.jpg
2522,image_1010083112_product_212887568.jpg
2522,image_937474357_product_196692497.jpg
2522,image_1305050170_product_4164659150.jpg
2522,image_1032190213_product_619696562.jpg
2522,image_1118043009_product_1978685853.jpg
2522,image_1155769842_product_2659730520.jpg
2522,image_1245820023_product_3794708221.jpg
2522,image_1300144662_product_4145102402.jpg
2522,image_1248846944_product_3817903108.jpg
2522,image_1291736978_product_4099538410.jpg
2522,image_1235680373_product_3697690596.jpg
2522,image_1226180918_product_3596209277.jpg
2522,image_1061080069_product_1100198024.jpg
2522,image_1222043007_product_824469562.jpg
2522,image_1304173097_product_4160987185.jpg
2522,image_1308924643_product_4177868388.jpg
2522,image_1306840379_product_4167091006.jpg
2522,image_1018395030_product_510786129.jpg
2522,image_1306812319_product_4167088056.jpg
2522,image_1248862101_product_3817906351.jpg
2522,image_1248851750_product_3817904227.jpg
2522,image_1053861126_product_1038257176.jpg
2522,image_1047935957_product_934195870.jpg
2522,image_1248846133_product_3817902829.jpg
2522,image_1267940153_product_3944874217.jpg
2522,image_1144313004_product_2479658773.jpg
2522,image_958403495_product_227839174.jpg
2522,image_1306548580_product_4167077710.jpg
2522,image_1307388509_product_4171236644.jpg
2522,image_1032760749_product_629623029.jpg
2522,image_1305141084_product_4164671745.jpg
2522,image_981464713_product_284538138.jpg
2522,image_1165420780_product_2803589804.jpg
2522,image_1032099643_product_618480027.jpg
2522,image_1023057763_product_532388177.jpg
2522,image_862537855_product_102358907.jpg
2522,image_1303681950_product_4159315740.jpg
2522,image_1307461437_product_4169066395.jpg
2522,image_1156109129_product_2664895371.jpg
2522,image_1304068886_product_4160931603.jpg
2522,image_1034311861_product_674858762.jpg
2522,image_1248849546_product_3817903714.jpg
2522,image_1188349224_product_767593035.jpg
2522,image_1278245007_product_4031159030.jpg
2582,image_1262412497_product_3907982121.jpg
2582,image_1299145738_product_4141842054.jpg
2582,image_1283849009_product_4061618273.jpg
2582,image_1261460417_product_3900374165.jpg
2582,image_1225864527_product_2016481370.jpg
2582,image_1321113921_product_4221741166.jpg
2582,image_1283619173_product_4061593273.jpg
2582,image_1268006039_product_3945115989.jpg
2582,image_1190257186_product_1833186600.jpg
2582,image_1283761973_product_4061611280.jpg
2582,image_1283658209_product_4061596406.jpg
2582,image_1199071333_product_3222934588.jpg
2582,image_1321555918_product_4223029075.jpg
2582,image_1269770727_product_3962600048.jpg
2582,image_1177653277_product_2977765167.jpg
2582,image_1190248518_product_1876685567.jpg
2582,image_1257111737_product_3821383748.jpg
2582,image_1243380253_product_3773712014.jpg
2582,image_1117520376_product_1974938658.jpg
2582,image_1211887768_product_3384361578.jpg
2582,image_1204264431_product_3219902865.jpg
2582,image_1079873431_product_1437691607.jpg
2582,image_1250705825_product_3835109370.jpg
2582,image_1283977259_product_4061638706.jpg
2582,image_1321009385_product_4221661814.jpg
2582,image_1283929361_product_4061633163.jpg
2582,image_1281707281_product_4052946865.jpg
2582,image_1264888972_product_3928049262.jpg
2582,image_1321853815_product_4223046329.jpg
2582,image_1283571326_product_4061584918.jpg
2582,image_1248543062_product_3815831712.jpg
2582,image_1258618745_product_3886016108.jpg
2582,image_1117984725_product_1978501643.jpg
2582,image_1248543064_product_3815831713.jpg
2582,image_1261978514_product_3902216394.jpg
2582,image_1250565603_product_3833397017.jpg
2582,image_1276344919_product_1434660611.jpg
2582,image_1253338120_product_3856415236.jpg
2582,image_1277263190_product_4021772397.jpg
2582,image_1220234583_product_3541437460.jpg
2582,image_1265901857_product_3935516600.jpg
2582,image_1283705377_product_4061599283.jpg
2582,image_1253342027_product_3856415829.jpg
2582,image_1246106815_product_3797081477.jpg
2582,image_1283644273_product_4061595832.jpg
2582,image_1301453175_product_4151062991.jpg
2582,image_1321874740_product_4223050060.jpg
2582,image_1257245713_product_3879891815.jpg
2582,image_1283464029_product_4061578709.jpg
2582,image_1234389802_product_3683750243.jpg
2583,image_1295960133_product_4128274520.jpg
2583,image_1189484452_product_3082482767.jpg
2583,image_1243659686_product_3775275585.jpg
2583,image_1168014958_product_2849849899.jpg
2583,image_1265222284_product_3929898842.jpg
2583,image_1015521783_product_484961780.jpg
2583,image_1268742735_product_3936362969.jpg
2583,image_1319862283_product_4215086281.jpg
2583,image_1265214387_product_3929900509.jpg
2583,image_1116658528_product_1963748873.jpg
2583,image_1159854403_product_2716708699.jpg
2583,image_1127347928_product_2121747389.jpg
2583,image_1155781599_product_2660100415.jpg
2583,image_1166857421_product_2820636365.jpg
2583,image_1225410242_product_3589914258.jpg
2583,image_1157594945_product_2676708469.jpg
2583,image_1169904079_product_2887191381.jpg
2583,image_1249535478_product_3819982768.jpg
2583,image_1121419825_product_2035478851.jpg
2583,image_1176281294_product_2951538963.jpg
2583,image_1225665457_product_3580374515.jpg
2583,image_1154002013_product_1118849569.jpg
2583,image_1243171953_product_3770836224.jpg
2583,image_1243659989_product_3775275635.jpg
2583,image_1177270444_product_2971727567.jpg
2583,image_1314017172_product_4201307816.jpg
2583,image_1261173662_product_3898707839.jpg
2583,image_1243785565_product_3775997586.jpg
2583,image_1064969985_product_1144476576.jpg
2583,image_1249535815_product_3819983673.jpg
2583,image_1243785594_product_3775997594.jpg
2583,image_1253144599_product_3855151472.jpg
2583,image_1244137195_product_3779508851.jpg
2583,image_1310068928_product_4182657222.jpg
2583,image_1162394930_product_2753709101.jpg
2583,image_1128429391_product_2145645573.jpg
2583,image_1266785201_product_3939949357.jpg
2583,image_1258535813_product_3885717703.jpg
2583,image_1118445948_product_1984442761.jpg
2583,image_1174592717_product_2940640373.jpg
2583,image_937788747_product_199005586.jpg
2583,image_973607535_product_269653576.jpg
2583,image_1190250912_product_2041884739.jpg
2583,image_1251501933_product_3843163625.jpg
2583,image_921249655_product_168344976.jpg
2583,image_1291328529_product_4101891759.jpg
2583,image_1265206066_product_3929890029.jpg
2583,image_949387369_product_212341710.jpg
2583,image_1225886230_product_547601759.jpg
2583,image_1270219945_product_3969948831.jpg
2585,image_1250398015_product_3832636885.jpg
2585,image_1257269027_product_3879903211.jpg
2585,image_1293195701_product_4116849146.jpg
2585,image_1243398416_product_3773716136.jpg
2585,image_1213026046_product_3439087506.jpg
2585,image_1257276152_product_3879904641.jpg
2585,image_1011388142_product_451809023.jpg
2585,image_1276128780_product_4011235630.jpg
2585,image_1206168170_product_3320653661.jpg
2585,image_1202703784_product_3258924793.jpg
2585,image_1250391203_product_3832635536.jpg
2585,image_1036160990_product_696072117.jpg
2585,image_1116943621_product_1966809261.jpg
2585,image_1270607449_product_3972427466.jpg
2585,image_1321964220_product_4229778442.jpg
2585,image_1313863238_product_4200276327.jpg
2585,image_1239130685_product_3733406655.jpg
2585,image_1178591875_product_2987945342.jpg
2585,image_1299715145_product_4143441283.jpg
2585,image_1156654205_product_2675087171.jpg
2585,image_1206135129_product_3320111968.jpg
2585,image_1253211268_product_3854772218.jpg
2585,image_1237283756_product_3718129337.jpg
2585,image_1164865392_product_2795977493.jpg
2585,image_1243394492_product_3773730791.jpg
2585,image_1322527430_product_4229980307.jpg
2585,image_1309707125_product_4179733783.jpg
2585,image_1212664126_product_3431988462.jpg
2585,image_1267481820_product_3943148178.jpg
2585,image_1156655677_product_2675087812.jpg
2585,image_1051762098_product_981230150.jpg
2585,image_1217245540_product_3492245985.jpg
2585,image_925784157_product_177450319.jpg
2585,image_847790569_product_77388202.jpg
2585,image_1255068939_product_3867157016.jpg
2585,image_1262368767_product_3906641604.jpg
2585,image_1096609676_product_1657064379.jpg
2585,image_1322462317_product_4229979708.jpg
2585,image_1265944564_product_3935835457.jpg
2585,image_1188522032_product_3067034451.jpg
2585,image_1302254987_product_4153279008.jpg
2585,image_1293265665_product_4102204202.jpg
2585,image_1253211840_product_3854772259.jpg
2585,image_1143236432_product_2462946986.jpg
2585,image_1243411032_product_3773720768.jpg
2585,image_1243403826_product_3773718069.jpg
2585,image_1181407705_product_3002757129.jpg
2585,image_1253159391_product_3855208112.jpg
2585,image_1314511600_product_4202303885.jpg
2585,image_1096604986_product_1657050401.jpg
2705,image_1222059784_product_3565670542.jpg
2705,image_1127299029_product_446754946.jpg
2705,image_1308854464_product_1585266937.jpg
2705,image_1094617273_product_1625058036.jpg
2705,image_1242995894_product_441931469.jpg
2705,image_1266824177_product_278543369.jpg
2705,image_1123814380_product_2062701151.jpg
2705,image_1309575636_product_3275858235.jpg
2705,image_1311637892_product_1192648725.jpg
2705,image_1308832536_product_1059624449.jpg
2705,image_1084468927_product_1328068199.jpg
2705,image_1095677384_product_1254831050.jpg
2705,image_1093022257_product_1595128088.jpg
2705,image_1127561127_product_651677719.jpg
2705,image_1268102322_product_3766474024.jpg
2705,image_1064908268_product_278562712.jpg
2705,image_1066985127_product_468549679.jpg
2705,image_1121360272_product_1916821849.jpg
2705,image_1128675495_product_2153006244.jpg
2705,image_1110774012_product_1901256400.jpg
2705,image_1162117582_product_876081203.jpg
2705,image_1311269514_product_747588524.jpg
2705,image_1308844277_product_3509121729.jpg
2705,image_1198784226_product_3219228715.jpg
2705,image_1214213135_product_568776124.jpg
2705,image_1209302978_product_3369813318.jpg
2705,image_1237651293_product_3722110999.jpg
2705,image_1270113481_product_3442596251.jpg
2705,image_977864512_product_278546503.jpg
2705,image_1309183323_product_464689012.jpg
2705,image_1198892203_product_1913796567.jpg
2705,image_1236896465_product_3576928117.jpg
2705,image_1123814315_product_2062701126.jpg
2705,image_977996268_product_278573318.jpg
2705,image_1124955407_product_278511466.jpg
2705,image_1002251619_product_376164568.jpg
2705,image_1133913950_product_2268684648.jpg
2705,image_1120872255_product_2025727272.jpg
2705,image_1198691711_product_1100133995.jpg
2705,image_1064378805_product_1136077629.jpg
2705,image_1102059731_product_1788965645.jpg
2705,image_1202955575_product_1284288070.jpg
2705,image_977957535_product_278568655.jpg
2705,image_1022781677_product_530242218.jpg
2705,image_1198146938_product_1546541298.jpg
2705,image_1133775237_product_2265452033.jpg
2705,image_1269202459_product_3451840886.jpg
2705,image_1121727294_product_2041771955.jpg
2705,image_977853285_product_278540210.jpg
2705,image_1125184025_product_278526403.jpg
2905,image_1100079151_product_1711736140.jpg
2905,image_1277429853_product_4023661248.jpg
2905,image_1100070493_product_1711733634.jpg
2905,image_1100083073_product_1711734854.jpg
2905,image_1100080620_product_1711735665.jpg
2905,image_1236935058_product_3716121560.jpg
2905,image_1215651385_product_3471354507.jpg
2905,image_1100061387_product_1711729021.jpg
2905,image_1100082286_product_1711729015.jpg
2905,image_1272629244_product_3990481764.jpg
2905,image_1100067933_product_1711735445.jpg
2905,image_1267459483_product_3943103866.jpg
2905,image_1100068054_product_1711731926.jpg
2905,image_1108739250_product_1878218152.jpg
2905,image_1100083493_product_1711730684.jpg
2905,image_1100059405_product_1711732993.jpg
2905,image_1108738024_product_1878218260.jpg
2905,image_1241285462_product_3716248365.jpg
2905,image_1266933296_product_3940518739.jpg
2905,image_1196612576_product_3195069402.jpg
2905,image_1108466410_product_1877001302.jpg
2905,image_1100067536_product_1711736916.jpg
2905,image_1275585940_product_4007367565.jpg
2905,image_1100081043_product_1711734973.jpg
2905,image_1190858921_product_3716249187.jpg
2905,image_1227598925_product_3612457790.jpg
2905,image_1100063161_product_1711728451.jpg
2905,image_1100065968_product_1711736686.jpg
2905,image_1100063481_product_1711732512.jpg
2905,image_1242007216_product_3761373007.jpg
2905,image_1100079965_product_1711732962.jpg
2905,image_1232940921_product_3716248750.jpg
2905,image_1108738611_product_1878218255.jpg
2905,image_1100071426_product_1711736693.jpg
2905,image_1146988758_product_2527286128.jpg
2905,image_1100068595_product_1711735319.jpg
2905,image_1108738878_product_1878103743.jpg
2905,image_1194095249_product_3154689696.jpg
2905,image_1237523088_product_3721019950.jpg
2905,image_1100061530_product_1711735932.jpg
2905,image_1132983593_product_2240360472.jpg
2905,image_1211642925_product_3406804574.jpg
2905,image_1167585509_product_2841080062.jpg
2905,image_1100079820_product_1711735890.jpg
2905,image_1108737629_product_1878218280.jpg
2905,image_1162390996_product_2753437974.jpg
2905,image_1100077865_product_3716248586.jpg
2905,image_1100074571_product_1711732971.jpg
2905,image_1100066892_product_1711729991.jpg
2905,image_1100062691_product_1711735499.jpg
